NOTES,URL,Title,Description,"online platform provides end-to-end workflow: artist onboarding, artwork upload, print production, and direct shipping to customer (subscription-based or on-demand) (Criterion)","online platform provides end-to-end workflow: artist onboarding, artwork upload, print production, and direct shipping to customer (subscription-based or on-demand) (Reasoning)",platform does not only sell digital files or digital downloads (Criterion),platform does not only sell digital files or digital downloads (Reasoning),platform does not merely connect artists with third-party print services without handling end-customer delivery (Criterion),platform does not merely connect artists with third-party print services without handling end-customer delivery (Reasoning),Revenue (Text) (Result),Revenue (Text) (Reasoning),Launch Year (Result),Launch Year (Reasoning),Market Coverage (Result),Market Coverage (Reasoning)
,https://gelato.com,Gelato,"Gelato is a global print-on-demand platform offering end-to-end order fulfillment for creators and brands; it manages artist onboarding, artwork upload, local print production in 32 countries, and direct shipping to customers, focusing on physical products like custom prints and apparel, not digital downloads.",Yes,"Gelato operates as an online print-on-demand platform. It explicitly positions itself as a platform for creators/artists to upload designs and sell them via a print-on-demand network. The site pages indicate: (1) onboarding/access for creators via signup/login to use the platform, (2) artwork design upload and listing for sale, (3) built-in print production through Gelato’s local production network, and (4) direct shipping to customers when orders are placed (fulfillment). This aligns with an end-to-end workflow (artist onboarding, artwork upload, print production, and direct shipping) in an on-demand model (pay-per-order). See: Gelato home page and Print-on-Demand page; and the article describing turning artwork into products. Based on these sources, Gelato satisfies the criterion.
References: [Print on demand for your ecommerce business](https://www.gelato.com/print-on-demand), [Gelato](https://www.gelato.com/), [Turning Artwork Into Products: A Guide For Artists And ...](https://www.gelato.com/blog/turning-artwork-into-products)",Yes,"Gelato markets itself as a global print-on-demand platform with a focus on physical products (e.g., custom products, print-on-demand catalog) and mentions local production, a product catalog, and “print on demand t-shirts” on its homepage. This indicates it offers tangible items produced and shipped to customers, not solely digital downloads. Therefore, it satisfies the criterion.
References: [Gelato](https://www.gelato.com)",Yes,"Gelato prints orders locally and ships directly to end customers. The Print on Demand page states: ""When a customer orders, Gelato automatically routes it to a local production partner, prints the item, and ships it directly to the customer."" The Shipping and Delivery page further explains global production near customers and delivery to buyers, including evidence of a large network and end-customer delivery. This shows Gelato handles fulfillment and shipping, not just connecting artists to third-party print providers.
References: [Print on demand for your ecommerce business](https://www.gelato.com/print-on-demand), [Worldwide Shipping and Delivery | Global print on demand](https://www.gelato.com/shipping-and-delivery), [Gelato](https://www.gelato.com/)",$96.5M,"The search results indicate that Gelato reported revenue of €88.6 million, which is approximately $96.5 million USD for 2024. This figure is supported by multiple sources including a financial analysis and company profile data.
References: [Gelato Financial Analysis: 2024 Results Show Concerning ...](https://www.reddit.com/r/printondemand/comments/1n36b3z/gelato_financial_analysis_2024_results_show), [Gelato: Revenue, Competitors, Alternatives](https://growjo.com/company/Gelato), [Gelato](https://www.gelato.com)",2007,"Multiple sources including a company profile on LinkedIn and Gelato's own news page indicate that Gelato was founded in 2007. This is consistent across the search results.
References: [Gelato - 2025 Company Profile & Team](https://tracxn.com/d/companies/gelato/__mHb49n83JsYi0RVuVcLNmbETuYnwhSqhrfPmmNPDxHo), [Gelato - LinkedIn](https://no.linkedin.com/company/gelato), [Gelato's platform business grows 3.5 times from 2020 to 2021](https://www.gelato.com/news/gelato-s-platform-business-grows-3-5-times-from-2020-to-2021), [Gelato](https://www.gelato.com)","Global, 32 countries","The homepage content and print-on-demand pages indicate Gelato operates with print providers and local production in 32 countries worldwide. It emphasizes a global network and local production near customers, supporting a global market coverage with presence in 32 countries. Exact country names are not listed, so the best representation is 'Global, 32 countries'.
References: [Gelato](https://www.gelato.com), https://www.gelato.com/print-on-demand, https://www.gelato.com/shipping-and-delivery"
,https://printify.com,Printify,"Printify is a private software development company offering an end-to-end print-on-demand and dropshipping platform for e-commerce merchants; it handles artist onboarding, artwork uploads, print production, and direct shipping to customers, supporting over 1300 products. The platform manages fulfillment internally rather than merely connecting to third-party providers; it generates $10M in annual revenue, employs 349 staff, and was founded in 2015 in San Francisco. With $54M in total funding, Printify is a key player in print-on-demand services, serving a global market with high web traffic and active social media presence.",Yes,"Printify clearly operates as an online print-on-demand platform and meets all four elements of the end-to-end workflow: artist onboarding (merchants can sign up/start via Get Started), artwork upload (Product Creator/design tools enable uploading designs), print production (Printify coordinates production through a network of print providers), and direct shipping to the customer (fulfilled orders are shipped directly to customers; on-demand/pay-per-order model is offered). This is supported by Printify's own materials describing print-on-demand capabilities, fulfillment/shipping, and onboarding paths: https://printify.com/print-on-demand, https://printify.com/pod-glossary/fulfillment, https://printify.com/get-started.
References: [Print on Demand & DropShipping Platform | 1300+ products](https://printify.com/print-on-demand), [What Is Fulfillment? Order Fulfillment Steps](https://printify.com/pod-glossary/fulfillment), [Open an Online Store Fast & With No Money](https://printify.com/get-started), [Printify: Build your eCommerce business in minutes.](https://printify.com)",Yes,"Printify is a print-on-demand platform that prints, packs, and ships physical products to customers and enables merchants to sell without inventory. It lists 1300+ products on which designs can be placed and fulfilled on demand; it describes itself as 'On Demand Print and Drop Shipping' for Shopify, WooCommerce, and Etsy sellers, and states that providers print, package, and ship orders directly to customers.
References: [Printify: Build your eCommerce business in minutes.](https://printify.com), [How It Works - On Demand Print and Drop Shipping for ...](https://printify.com/how-it-works), [Print on Demand & DropShipping Platform | 1300+ products](https://printify.com/print-on-demand)",Yes,"Printify explicitly states it handles printing and shipping to customers, not just connecting artists to print providers. The internal profile describes Printify as offering drop shipping and printing services and states: 'They handle printing and shipping to customers.' This indicates fulfillment is managed by the platform itself rather than solely aggregating third-party print providers. References: https://www.printify.com (Printify homepage) and the internal profile summary confirming fulfillment by Printify.
References: [Printify: Build your eCommerce business in minutes.](https://www.printify.com)",$10.0M,"The provided company profile for Printify explicitly states the revenue as USD 10.0M for the latest available year. This matches the requested format for the revenue as a human-readable string in USD with abbreviation.
References: [Printify](https://www.printify.com)",2015,"The company's launch year is explicitly stated as 2015 in the provided company details section of the profile.
References: [Printify](https://www.printify.com)","Global, 209 countries and territories","The homepage content states that Printify's partner network delivers around the world, covering 209 countries and territories. This indicates a broad global market coverage rather than limited to specific countries or regions.
References: [Printify](https://www.printify.com)"
,https://minted.com,Minted,"Online marketplace providing end-to-end artist workflow: onboarding, artwork upload, print production, and direct customer shipping; sells physical goods including art prints, wedding invitations, and stationery, with fulfillment managed by Minted's team rather than third-party printers.",Yes,"Minted demonstrates an end-to-end artist workflow: (1) onboarding: there are explicit artist onboarding pages like 'Join Our Artist Community' and 'Submit Artwork' on minted.com, inviting artists to participate; (2) artwork upload: the 'Submitting Files (Art)' article shows artists uploading their work; (3) print production: Minted markets physical goods including art prints (homepage tagline 'Premium Christmas Cards, Wedding Invitations, Stationery, Gifts, & Art Prints' and 'Direct from Artist' marketplace) indicating production of printed items; (4) direct shipping to customer: shipping details show orders ship to customers and a 'Direct From Artist' order workflow indicates fulfillment ships directly from the artist to the customer; the platform supports on-demand ordering (per order, not subscription). Taken together, Minted provides an online platform that covers all four steps end-to-end. Key sources: Join Our Artist Community; Submitting Files (Art); Direct from Artist; Shipping & Delivery.
References: [Join our Artist Community](https://www.minted.com/participate/join), [Submitting Files (Art)](https://minteddesign.zendesk.com/hc/en-us/articles/6613731861773-Submitting-Files-Art), [Direct from Artist | Our Curated Marketplace](https://www.minted.com/direct-from-artist), [Shipping & Delivery Details](https://www.minted.com/gifts/shipping), [Minted](https://minted.com)",Yes,"Minted clearly offers physical, shipped items in addition to digital options. Evidence includes: (1) New Wedding Invitations page citing luxe paper and printing, indicating physical printed invitations; (2) Animal Wall Art Prints & Canvas Prints page showing art prints and canvas formats; (3) Photo Christmas Cards page indicating printable/printable-card products. The homepage itself lists categories like “Premium Christmas Cards, Wedding Invitations, Stationery, Gifts, & Art Prints,” confirming tangible products are sold. These show the platform is not exclusively digital downloads. References: https://www.minted.com/new-wedding-invitations, https://www.minted.com/animal-art, https://www.minted.com/photo-christmas-cards
References: [New Wedding Invitations](https://www.minted.com/new-wedding-invitations), [Animal Wall Art Prints & Canvas Prints for Any Room Decor](https://www.minted.com/animal-art), [Photo Christmas Cards - Custom Designs](https://www.minted.com/photo-christmas-cards), [Minted](https://minted.com)",Yes,"Minted states that orders are handcrafted by its fulfillment team and offers multiple shipping options, indicating end-customer delivery is handled by the platform itself rather than solely connecting artists to third-party printers. While one page mentions Third-Party Marketplace items, the clear statement about a fulfillment team supports direct order fulfillment and shipping to customers.

Key sources: https://help2.minted.com/articles/General/Order-timelines (Your order is handcrafted by our fulfillment team), https://help2.minted.com/s/article/Shipping-Overview (Shipping options and international shipping), https://www.minted.com/gifts/shipping (Shipping & Delivery details).
References: [When will I receive my order?](https://help2.minted.com/articles/General/Order-timelines), [What are my shipping options?](https://help2.minted.com/s/article/Shipping-Overview), [Shipping & Delivery Details](https://www.minted.com/gifts/shipping), [Minted](https://minted.com)",$109M,"Based on multiple search results, Minted's estimated annual revenue is reported as $109M per year (source: growjo.com). Other sources show varying figures, but $109M is a consistent and recent estimate.
References: [Minted: Revenue, Competitors, Alternatives](https://growjo.com/company/Minted), [Minted Company & Revenue 2015-2027](https://ecdb.com/resources/sample-data/retailer/minted), [Minted Information](https://rocketreach.co/minted-profile_b5c090caf42e086b), [MINTED - Overview, News & Similar companies](https://www.zoominfo.com/c/minted-llc/343788314), [Minted](https://www.minted.com)",2007,"Multiple reliable sources including Wikipedia, Crunchbase, Pitchbook, and news articles consistently state that Minted was founded or launched in 2007.
References: [Minted](https://en.wikipedia.org/wiki/Minted), [Minted - Crunchbase Company Profile & Funding](https://www.crunchbase.com/organization/minted), [Minted. 2026 Company Profile: Valuation, Funding & Investors](https://pitchbook.com/profiles/company/53373-25), [Democratizing Art, Minted is a Crowd Pleaser](https://spacesmag.com/stories/people/democratizing-art-minted-is-a-crowd-pleaser), [Minted](https://www.minted.com)","United States, Canada, Australia, Europe, over 200 international countries","Based on the search results and the shipping details from Minted's website, Minted ships to over 200 countries internationally, including specific mentions of the United States, Canada, Australia, and Europe. This indicates a broad global market coverage.
References: [Which countries can I ship a Minted order to?](https://help2.minted.com/s/article/international-ship-to), [Shipping & Delivery Details](https://www.minted.com/gifts/shipping), [What are my shipping options?](https://help2.minted.com/s/article/Shipping-Overview), [Minted](https://www.minted.com)"
,https://helloprint.com,Helloprint,"HelloPrint is an online print marketplace offering end-to-end workflow including artist onboarding, artwork upload, print production, and direct shipping to customers; markets itself as a local printing service with fast delivery, supporting Print on Demand integrations and selling tangible printed products like flyers, booklets, and photo prints.",Yes,"HelloPrint is positioned as a marketplace for customized print products and offers Print on Demand (POD) integrations, which implies end-to-end processing: artists can join as sellers, upload artwork, prints are produced, and orders are shipped to customers. Supporting evidence: (1) the join page positions HelloPrint as a marketplace inviting collaboration with artists/sellers, indicating onboarding; (2) the presence of a Print on Demand integration (to connect with HelloPrint) shows platform-level handling of printing and fulfillment; (3) HelloPrint markets itself as printing locally and shipping, implying direct customer shipping. Collectively, these indicate an online platform providing end-to-end workflow on-demand. References below.
References: [Join the world's largest marketplace for customised print ...](https://www.helloprint.com/join), [Helloprint Integration](https://help.orderdesk.com/integration-setup-guides/print-on-demand/helloprint-integration), [Helloprint](https://www.helloprint.com)",Yes,"HelloPrint offers physical printed products and shipping, not solely digital files. Evidence includes: (1) marketing materials page describing printed items like booklets, flyers, and business cards; (2) order of photo prints with information about fast shipping; (3) distribution service for delivering printed materials (door-to-door). These indicate the platform sells tangible products and fulfills physical orders, satisfying the criterion.
References: [Print Marketing Materials | Promotional ...](https://www.helloprint.com/en-us/marketing-materials), [Order Photo Prints with HelloPrint](https://www.helloprint.com/en-us/printedphotos), [Royal Mail Leaflet Distribution | Door to Door Flyer ...](https://www.helloprint.com/en-us/distribution), [Helloprint](https://helloprint.com)",Yes,"The homepage markets itself as an online printing service with delivery, implying it handles printing and fulfillment to end customers rather than just connecting artists to third-party print providers. The key evidence is the page title/strapline: “HelloPrint | Imprimerie en ligne pas chère et livraison rapide !” on https://www.helloprint.com, which indicates in-house printing and direct shipping to customers.
References: [Helloprint](https://www.helloprint.com)",$65.0M,"The company search result indicates that HelloPrint has an annual revenue of $65.0M. This information is from a recent company profile summary describing HelloPrint as a private technology and internet company headquartered in Rotterdam, Netherlands, with 131 employees and $65.0M annual revenue.
References: [Helloprint](https://helloprint.com)",2013,"Multiple sources including Tracxn, Pitchbook, LinkedIn, and company-related articles consistently state that Helloprint was founded or launched in 2013. This year is confirmed by reliable business profile sites and company interviews.
References: [HelloPrint - 2025 Company Profile & Team](https://tracxn.com/d/companies/helloprint/__zdMBMghGzD-Hp_jkajbC8-7mfe7hXpZ8dw7lnhlAK5s), [Helloprint 2026 Company Profile: Valuation, Funding & ...](https://pitchbook.com/profiles/company/162621-91), [HelloPrint](https://www.linkedin.com/company/helloprint), [Helloprint Story - Online Print Success](https://www.beyond-print.net/interview-online-print-success-made-in-holland-the-helloprint-story), [Success Stories: HelloPrint](https://42workspace.com/success-stories-helloprint), [Helloprint](https://www.helloprint.com)","Belgium, France, Germany, Ireland, Italy, Netherlands, Spain, Sweden, United Kingdom, United States","The homepage content of HelloPrint lists multiple country-specific links and mentions delivery and operations in Belgium (both Flemish and French regions), France, Germany, Ireland, Italy, Netherlands, Spain, Sweden, United Kingdom, and United States. These countries represent the geographic market coverage of HelloPrint.
References: https://www.helloprint.com/fr-fr/, https://www.helloprint.com/nl-be/, https://www.helloprint.com/fr-be/, https://www.helloprint.com/de-de/, https://www.helloprint.com/en-ie/, https://www.helloprint.com/it-it/, https://www.helloprint.com/nl-nl/, https://www.helloprint.com/es-es/, https://www.helloprint.com/sv-se/, https://www.helloprint.com/en-gb/, https://www.helloprint.com/en-us/, [Helloprint](https://www.helloprint.com)"
,https://mixam.com,Mixam,"Mixam is a private printing company providing end-to-end print-on-demand services, including artwork upload, printing, packing, and direct shipping via FedEx, UPS, and other carriers; offers a wide range of physical printed products such as books, brochures, and magazines, demonstrating comprehensive fulfillment capabilities.",Yes,"Mixam offers PrintLink, a print-on-demand service that allows users to self-publish. They handle printing, packing, and shipping. This indicates an end-to-end workflow including artwork upload, print production, and direct shipping to the customer. The service appears to be on-demand.
References: [Self Publishing a Book - Print on Demand Printlink](https://mixam.com/print-link), [US PrintLink Guide](https://mixam.com/support/printlink-guide.pdf), [Mixam US | Premium Quality Printing at Affordable Prices | Mixam](https://mixam.com)",Yes,"Mixam is a printing company that offers premium quality printing at affordable prices. They provide a wide range of products including books, brochures, magazines, and more. This indicates that they sell physical printed products, not just digital files or downloads.
References: [Mixam US | Premium Quality Printing at Affordable Prices | Mixam](https://www.mixam.com)",Yes,"Mixam is a printing company that provides end‑to‑end services, including printing, packing, and shipping directly to customers. The shipping page details how orders are delivered via FedEx, UPS, and other carriers, with tracking information sent to the customer. This demonstrates that Mixam does not merely act as a connector to third‑party print services but handles the final delivery to the end‑customer, satisfying the criterion.
References: [Shipping and Delivery](https://www.mixam.com/support/shipping), [Mixam US | Premium Quality Printing at Affordable Prices | Mixam](https://www.mixam.com)",Under $5M,"Based on the search results from ZoomInfo, Mixam's revenue is reported to be less than $5 million. This is the most specific and reliable figure found regarding their annual revenue in USD.
References: [Mixam - Overview, News & Similar companies | ZoomInfo.com](https://www.zoominfo.com/c/mixam-inc/346454810), [Mixam UK - Overview, News & Similar companies | ZoomInfo.com](https://www.zoominfo.com/c/mixam-uk-ltd/1124554722), [Mixam](https://www.mixam.com)",2007,"The company's launch year is explicitly mentioned in the provided company details as 2007.
References: [Mixam](https://www.mixam.com)","United Kingdom, Ireland, Canada, United States, Japan, Australia, Germany","Based on the search results and the information found in Mixam's shipping support pages and FAQs, Mixam ships internationally to several countries including the United Kingdom, Ireland, Canada, United States, Japan, Australia, and Germany. These countries are explicitly mentioned in multiple sources related to their shipping and print-on-demand services, indicating their market coverage.
References: [Shipping and Delivery](https://mixam.com/support/shipping), [FAQs](https://mixam.com/frequently-asked-questions), [Self Publishing a Book | Print on Demand | Printlink](https://mixam.com/print-link), [Mixam UK | Premium Quality Printing at Affordable Prices | Mixam](https://mixam.co.uk), [Mixam](https://www.mixam.com)"
,https://artspan.com,Artspan LLC,"Artspan LLC is an artist-focused online platform providing end-to-end workflow solutions for creating artist websites, uploading artwork, and selling original art and prints. The platform manages printing, matting, shipping, and billing, ensuring direct delivery to customers; 6 employees, founded 1999, Lambertville, NJ, USD 3.5M revenue, 27,753 monthly visits, global rank #931,431.",Yes,"Artspan provides artists with a platform to create websites, upload artwork, and sell prints. They handle the printing, matting, shipping, and billing of the artwork. This indicates an end-to-end workflow for artists, including onboarding, artwork upload, print production, and direct shipping to customers.
References: [Sell Prints of Your Artwork | Create an Artist Website](https://www.artspan.com/sell-art-prints), [Start Your Free 30-Day Trial](https://www.artspan.com/signup/step/1), [Artist Websites | Easily Sell Art Online with Artspan](https://www.artspan.com/artist-websites), [Discover Original Art & Prints](https://artspan.com)",Yes,"Artspan sells original art and prints, as evidenced by the search results and the company's website description. The search results clearly indicate that Artspan offers original art and prints for sale, not just digital files or downloads. The company profile also lists 'buy art' and 'art marketplace' as categories.
References: [Discover Original Art & Prints](https://www.artspan.com), [Original Art for Sale Online | Buy Original Artwork](https://www.artspan.com/buy-original-art/--/original-art.html), [Fine Art Prints for Sale | Buy Art Prints Online](https://www.artspan.com/art-prints)",Yes,"Artspan’s own “Sell Prints of Your Artwork” page explicitly states that when an artist creates a website with Artspan, the platform “takes care of archival‑quality printing, matting and shipping, and the billing.” This shows that Artspan handles end‑customer delivery rather than merely connecting artists to third‑party print services. The purchase‑information page further details shipping and return policies, reinforcing that Artspan manages shipping logistics. Therefore, Artspan satisfies the criterion that the platform handles end‑customer delivery.
References: [Sell Prints of Your Artwork | Create an Artist Website](https://www.artspan.com/sell-art-prints), [Purchase Information](https://www.artspan.com/purchase-info), [Discover Original Art & Prints](https://artspan.com)",$3.5M,"The company profile provided states that Artspan has a revenue of USD 3.5M for the latest available year. This matches the instruction to provide the annual revenue as a human-readable string in USD with abbreviation.
References: [Artspan LLC](https://www.artspan.com)",1999,"The launch year of Artspan is explicitly stated as 1999 in the company details section of the provided webpage content.
References: [Artspan LLC](https://www.artspan.com)","United States, Canada, Europe","The company is headquartered in the United States and the research indicates that Artspan's print-on-demand services and shipping cover Canada and Europe as well. These are the main geographic markets mentioned in the available information.
References: https://www.artspan.com/sell-art-prints, https://www.artspan.com/purchase-info, [Artspan LLC](https://www.artspan.com)"
,https://peecho.com,Peecho,"Print-on-demand platform for photobooks and physical products; provides end-to-end workflow including artist onboarding, artwork upload, print production, and direct shipping; handles full order journey with local manufacturing and sustainability focus; $5.9M revenue, 11 employees, founded 2009 in Amsterdam, part of Prodigi Group.",Yes,"Peecho provides a print-on-demand platform that allows artists and photographers to sell their work. The platform handles printing, shipping, and customer service. Artists can integrate Peecho's solutions with their existing websites or apps. Peecho also offers a branded checkout experience. This indicates that Peecho provides artist onboarding, artwork upload, print production, and direct shipping to the customer.
References: [Print on Demand for Artists & Photographers](https://www.peecho.com/artists-and-photographers), [Print on Demand Photo Books for Businesses & Creatives](https://peecho.com)",Yes,"The company profile states that Peecho provides print on demand photobooks for businesses and creatives and is a leading print on demand platform that provides efficient and sustainable solutions for businesses and individuals looking to transform digital content into high-quality physical products. This indicates that Peecho sells physical products, not just digital files or downloads.
References: [Print on Demand Photo Books for Businesses & Creatives](https://www.peecho.com)",Yes,"Peecho's website states that they provide ""fast drop shipping"" and ""local manufacturing"", implying they handle end-customer delivery. Additionally, the search results confirm that Peecho handles the order journey from production to after delivery, including shipping.
References: [Print On Demand | Peecho Print on Demand Platform](https://www.peecho.com/print-on-demand), [Understanding the Order Journey: from Production to After ...](https://support.peecho.com/hc/en-us/articles/13286647307164-Understanding-the-Order-Journey-from-Production-to-After-Delivery), [Print on Demand Photo Books for Businesses & Creatives](https://peecho.com)",$5.9M,"The company profile states that Peecho's latest available annual revenue is USD 5.9M. This matches the instruction to provide the revenue as a human-readable string in USD with abbreviations.
References: [Peecho](https://www.peecho.com)",2009,"The company profile clearly states that Peecho was founded in the year 2009. This is the launch year of the company.
References: [Peecho](https://www.peecho.com)",Global,"The company's website and profile emphasize a global print network with local manufacturing and drop shipping, indicating that Peecho serves customers worldwide rather than specific countries or regions. The phrase ""Local printing, wherever your customers are"" supports this global market coverage interpretation.
References: [Peecho](https://www.peecho.com), https://www.peecho.com/global-print-network"
,https://artstorefronts.com,Art Storefronts,"Art Storefronts is a private software development company founded in 2014 and headquartered in Austin, Texas, with 55 employees and $4M annual revenue. The platform provides an integrated solution for artists and photographers to sell art online, featuring artist onboarding, artwork upload, print fulfillment, and direct shipping. It supports physical print-on-demand services, enabling end-to-end art sales and fulfillment, and maintains a strong web presence with 91,806 monthly visits and a global rank of #278,186.",Yes,"Art Storefronts is a platform that provides tools for artists to sell their work online. The company profile mentions that it is an 'All-In-One Art Business Solution' and includes 'Print Fulfillment'. Search results confirm that Art Storefronts offers print-on-demand services and automated fulfillment. A search result also mentions an 'Art Storefronts Onboarding Webinar'. Based on this information, the platform provides artist onboarding, print production, and likely direct shipping to the customer. The ecomm.design result mentions monthly fees, indicating a subscription-based service. I am unable to confirm artwork upload from the available information, but given the other features, it is likely available.
References: [Websites + Marketing for Artists & Photographers to Sell Art Online](https://www.artstorefronts.com), [Our Print-on-Demand Service Pays You Immediately, & More](https://blog.artstorefronts.com/go/print-on-demand-service), [Your Behind the Scenes Look at Art Storefronts Pricing - Ecomm.Design](https://ecomm.design/at-art-storefronts-pricing), [Art Storefronts Onboarding Webinar - Support Center](https://support.artstorefronts.com/hc/en-us/articles/29174770902043-Art-Storefronts-Onboarding-Webinar)",Yes,"Art Storefronts’ internal profile lists a ""Print Fulfillment"" service as part of its All‑In‑One Art Business Solution, indicating it handles physical print production and shipping. Search results confirm the platform offers a print‑on‑demand service that produces, boxes, and ships physical prints to customers. Because the platform provides a tangible product (printed art) in addition to digital files, it does not only sell digital downloads, satisfying the criterion.
References: [Websites + Marketing for Artists & Photographers to Sell Art Online](https://www.artstorefronts.com), [Our Print-on-Demand Service Pays You Immediately, & More](https://blog.artstorefronts.com/go/print-on-demand-service), [A New Standard in Fine Art Print Fulfillment - Art Storefronts](https://blog.artstorefronts.com/new-standard-fine-art-print-fulfillment)",Yes,"Art Storefronts facilitates print fulfillment and shipping, meaning they do not merely connect artists with third-party print services without handling end-customer delivery. The search results and crawled pages confirm that Art Storefronts offers print-on-demand services where they handle the printing and shipping of art prints. They also allow artists to self-fulfill orders, giving them control over shipping methods and taxes.
References: [Our Print-on-Demand Service Pays You Immediately, & More](https://blog.artstorefronts.com/go/print-on-demand-service), [[Master Article] [Self Fulfillment] How To: Set Up Shipping](https://support.artstorefronts.com/hc/en-us/articles/115005464888--Master-Article-Self-Fulfillment-How-To-Set-Up-Shipping), [Websites + Marketing for Artists & Photographers to Sell Art Online](https://artstorefronts.com)",$4.0M,"The company profile for Art Storefronts explicitly states the revenue as USD 4.0M in the latest available year, which matches the requested format for the revenue text.
References: [Art Storefronts](https://www.artstorefronts.com)",2014,"The company profile provided states that Art Storefronts was founded in 2014. This is the launch year of the company.
References: [Art Storefronts](https://www.artstorefronts.com)","United States, Canada","The company Art Storefronts is headquartered in Austin, United States, and the print fulfillment services mention approved fulfillment vendors in the United States. Additionally, some sources indicate the platform serves artists in North America, including Canada. There is no clear evidence of coverage beyond these countries in the available information.
References: [Art Storefronts](https://www.artstorefronts.com), https://support.artstorefronts.com/hc/en-us/articles/115005464888--Master-Article-Self-Fulfillment-How-To-Set-Up-Shipping, https://intercom.help/art-storefronts/en/articles/9116814-united-states-approved-fulfillment-vendor-art-storefronts-prints-by-graphik-dimensions"
,https://printyworld.com,Printyworld,"Printyworld is a private apparel manufacturing company based in New Jersey, specializing in print-on-demand dropshipping for custom apparel; it provides an end-to-end workflow including artist onboarding, artwork upload, print production, and direct shipping to customers. The platform handles physical product sales, fulfillment, and delivery, and is recognized as Pakistan’s first print-on-demand dropshipping platform. It has 5 employees with +150% YoY growth, 1,574 monthly visits, and a global rank of #7,117,466.",Yes,"Printyworld is described as Pakistan's first print-on-demand dropshipping platform. The company profile states that they bring creative visions to life. The search results indicate that Printyworld handles printing, fulfillment, and shipping. The search results also mention artist onboarding and registration. Based on this information, Printyworld appears to provide an end-to-end workflow including artist onboarding, artwork upload, print production, and direct shipping.
References: [Printyworld | Pakistan's first print on demand company](https://printyworld.com), [How to Start Working with PrintyWorld | Register Your Brand & Place ...](https://www.youtube.com/watch?v=wZ9O-dOcSj8), [Register - PrintyWorld](https://printyworld.com/register.php), [Printyworld.com (@printy_world) · Islamabad - Instagram](https://www.instagram.com/printy_world)",Yes,"Printyworld is described as a print‑on‑demand dropshipping platform that lets users design and sell physical apparel such as t‑shirts. The search results show product pages for a custom t‑shirt and a description that the platform handles printing, packing and shipping, indicating that it sells physical goods rather than only digital files. Therefore the platform does not only sell digital files or downloads, satisfying the criterion.
References: [Printyworld | Pakistan's first print on demand company](https://printyworld.com), [Customize Round Neck Regular Fit T-Shirt](https://printyworld.com/editor.php?product=12)",Yes,"Printyworld is described as Pakistan’s first print‑on‑demand dropshipping platform, which implies it prints, packs, and ships finished products directly to the end‑customer. The Instagram bio states “We print, pack & ship to your customers under your brand name,” and the Facebook page says “We print it. And dispatch it straight to your doorstep!” These statements confirm that the platform handles end‑customer delivery rather than merely connecting artists to third‑party print services.
References: [Printyworld.com (@printy_world) · Islamabad](https://www.instagram.com/printy_world), [Printyworld.com | Islamabad](https://www.facebook.com/printyworldd), [Printyworld | Pakistan's first print on demand company](https://www.printyworld.com)",Unknown,"The company profile and multiple searches did not reveal any specific annual revenue information for Printyworld. Given the small size of the company (5 employees) and lack of public financial data, the revenue is not publicly available. Therefore, the appropriate response is 'Unknown' as per instructions.
References: [Printyworld](https://www.printyworld.com), https://linkedin.com/company/printyworld",2021,"No explicit launch year was found from the official website or other reliable sources. However, a TikTok video from 2024 mentioned starting a T-shirt business about three years ago, suggesting an approximate launch year of 2021.
References: [Start Your Own Brand with Printyworld.com](https://www.tiktok.com/@printyworld.com/video/7410751865069096209), [Printyworld](https://printyworld.com)",Pakistan,"The official Printyworld website and related content consistently indicate that Printyworld operates as a print-on-demand dropshipping platform primarily serving Pakistan. The printing is done locally in Islamabad, and shipping is described as Pakistan-wide via courier. While some search snippets mention worldwide delivery, the detailed and authoritative source from the company's own site and FAQs emphasizes local Pakistani market coverage. Therefore, the most accurate market coverage is Pakistan.
References: [Printyworld](https://printyworld.com)"
,https://society6.com,Society6,"Society6 LLC is a private consumer goods platform founded in 2009, based in Englewood, Colorado, with 162 employees and $138M annual revenue. It offers a wide range of artist-designed physical products including art prints, home decor, apparel, and tech accessories, with designs from over 400K artists worldwide. The platform manages end-to-end workflows from artist onboarding to print production and direct customer shipping, handling all logistics and customer support. Society6 does not only sell digital files but focuses on tangible goods, distinguishing itself by controlling product delivery and logistics.",Yes,"Society6 provides an online platform where artists can upload their artwork, which is then applied to various products. Society6 handles the printing, manufacturing, shipping, and customer support. The artist receives payment for each sale. I did not find any information about subscription plans for artists, but the service is on-demand.
References: [Why Sell Your Art On Society6](https://blog.society6.com/why-sell-your-art-on-society6), [Artist-Designed Wall Art, Home Decor, Tech and More | Society6](https://society6.com)",Yes,"Society6’s internal profile lists a range of physical products—art prints, home decor, bed & bath items, iPhone cases, apparel, and tech accessories—indicating it sells tangible goods beyond digital downloads. Search results also show dedicated pages for physical items such as iPhone cases, confirming the presence of non‑digital inventory. Therefore the platform does not only sell digital files or downloads.
References: [Artist-Designed Wall Art, Home Decor, Tech and More | Society6](https://www.society6.com), [Printed iPhone Cases: SE to iPhone 17](https://society6.com/collections/iphone-cases)",Yes,"Society6’s help center contains a ""Production & Estimated Delivery Times"" page that lists shipping services, rates, and transit times for orders, indicating the platform handles shipping to end‑customers. The ""Society6 Shipping Policy"" page also details shipping methods and costs, confirming that Society6 is responsible for delivering products to customers rather than merely connecting artists to third‑party print providers.
References: [Production & Estimated Delivery Times - Society6](https://help.society6.com/en-US/production-estimated-delivery-times-1261654), [Society6 Shipping Policy - HostGPO](https://hostgpohelp.zendesk.com/hc/en-us/articles/4473795397261-Society6-Shipping-Policy), [Artist-Designed Wall Art, Home Decor, Tech and More | Society6](https://society6.com)",$138M,"The provided company profile states that Society6 has a revenue of USD 138.0M for the latest available year. This matches the requirement to provide a human-readable string in USD with abbreviation.
References: [Society6](https://society6.com)",2009,"The company's launch year is explicitly stated as 2009 in the provided company details from the webpage content and LinkedIn profile.
References: [Society6](https://www.society6.com)",United States,"The company profile states that Society6 is headquartered in Englewood, United States. The shipping policy and production details indicate that Society6 ships products primarily within the United States. It is also noted that Society6 is no longer shipping internationally, including to Canada and Mexico, due to increased shipping costs and tax complexity. Therefore, the current market coverage is limited to the United States.
References: https://help.society6.com/en-US/production-estimated-delivery-times-1261654, https://hostgpohelp.zendesk.com/hc/en-us/articles/4473795397261-Society6-Shipping-Policy, [Society6](https://society6.com)"
,https://merchr.com,Merchr,"Merchr is a private software development company based in London, UK, operating an online merch collection platform with 18 employees (+20.0% YoY growth) and $457,692 in total funding. The platform provides an end-to-end workflow, including artist onboarding, artwork upload, print production, and direct shipping to customers via a dropship process; it supports print-on-demand in the UK and sells physical products from a large on-demand library, not just digital downloads.",Yes,"Merchr's company profile states that it is an online merch collection platform that allows users to create and sell their favorite products. It also mentions that it offers free and easy setup, no need to hold stock, printed on demand in the UK, and a dropship process. The search results also mention artist onboarding and turning work into merch. Therefore, Merchr provides an end-to-end workflow, including artist onboarding, artwork upload, print production, and direct shipping to the customer.
References: [Home - Merchr](https://www.merchr.com)",Yes,"Merchr is described as an online merch collection platform that allows users to create and sell their favorite products. It offers print on demand in the UK, and a dropship process. Customers can choose their favorite products from a huge on-demand library. This indicates that Merchr sells physical products, not just digital files or downloads.
References: [Home - Merchr](https://www.merchr.com)",Yes,"Merchr’s platform includes a dropship process that prints and ships products directly to the end customer. The company’s terms of service state that Merchr facilitates printing and shipping or dropshipping of products to the end customer. Therefore Merchr does not merely connect artists with third‑party print services; it handles end‑customer delivery, satisfying the criterion.
References: [Home - Merchr](https://merchr.com), [Terms of Service](https://merchr.com/terms-of-service)",Unknown,"The provided company profile and webpage content for Merchr include information about total funding (USD 457,692) and employee count but do not disclose any specific details about the company's annual revenue. No other sources found provide revenue data. Therefore, the annual revenue is unknown.
References: [Merchr](https://www.merchr.com), https://merchr.com/terms-of-service",2021,"The search results indicate that Merchr Limited was incorporated on 10 June 2021 according to the company profile on Endole and other sources mention the company was founded in 2021. This is the most reliable indicator of the company's launch year.
References: [Merchr Limited - Company Profile - Endole](https://open.endole.co.uk/insight/company/13448614-merchr-limited), [Merchr 2026 Company Profile: Valuation, Funding & Investors](https://pitchbook.com/profiles/company/615759-85), [Merchr - 2026 Company Profile, Team, Funding, Competitors & Financials](https://tracxn.com/d/companies/merchr/__CXbwVdUNnlNZ9c3X0fBAXcMoWBJY0MdZnhfhfDcv35Y), [Merchr](https://merchr.com)",United Kingdom,"Merchr is headquartered in London, United Kingdom, and their print on demand production is done in the UK. The company emphasizes dropshipping directly to customers, but all print production is UK-based. There is no explicit mention of other countries or regions served, so the geographic coverage is best described as the United Kingdom.
References: [Merchr](https://merchr.com), [Who We Are](https://merchr.com/who-we-are), https://merchr.com/terms-of-service"
,https://vistaprint.com,Vista,"Online printing services company with end-to-end workflow including artist onboarding, artwork upload, print production, and direct shipping; supports print-on-demand and custom product creation with 2,917 employees, $1.4B revenue, founded 1995, headquartered in Waltham, MA.",Yes,"VistaPrint has partnered with Bluethumb to launch a Print On Demand service that enables artists to sell canvas prints, suggesting artist onboarding and print production capabilities. The service includes direct shipping to customers. Therefore, VistaPrint satisfies the criterion.
References: [VistaPrint & Bluethumb launch new print on demand service](https://ecommercenews.com.au/story/vistaprint-bluethumb-launch-new-print-on-demand-service), [VistaPrint Official Website: Online Printing Services](https://vistaprint.com)",Yes,"VistaPrint’s internal profile states it is an online printing services company that helps customers create and order custom products such as marketing materials, business cards, signage, promotional products, custom gifts, packaging, and more. These are physical printed items, not just digital files or downloads, so the platform does not only sell digital products.
References: [VistaPrint Official Website: Online Printing Services](https://www.vistaprint.com)",Yes,"VistaPrint’s website includes a dedicated Shipping and Delivery page that lists shipping options, delivery times, and tracking, indicating the company handles end‑customer delivery rather than just connecting artists to third‑party printers. The internal company profile also describes VistaPrint as an online printing service that helps customers create and order custom products, implying end‑to‑end fulfillment. Therefore VistaPrint satisfies the criterion that the platform does not merely connect artists with third‑party print services without handling end‑customer delivery.
References: [Shipping and Delivery Information](https://www.vistaprint.com/shipping), [VistaPrint Official Website: Online Printing Services](https://www.vistaprint.com)",$1.4B,"The provided company profile states that Vista has a revenue of USD 1.4B in the latest available year. This matches the instruction to provide the company's annual revenue as a human-readable string in USD with abbreviations.
References: [Vista](https://www.vistaprint.com)",1995,"The company's launch year is explicitly stated as 1995 in the provided company details from the webpage content and LinkedIn profile.
References: [Vista](https://www.vistaprint.com)","United States, Australia, Belgium, Brazil, Canada, Denmark, Germany, Spain, France, India, Ireland, Italy, Netherlands, New Zealand, Norway, Austria, Portugal, Switzerland, Singapore, Finland, Sweden, United Kingdom","The homepage content of VistaPrint lists multiple countries with corresponding flags and language options, indicating the company's geographic market coverage. These countries include United States, Australia, Belgium, Brazil, Canada, Denmark, Germany, Spain, France, India, Ireland, Italy, Netherlands, New Zealand, Norway, Austria, Portugal, Switzerland, Singapore, Finland, Sweden, and United Kingdom.
References: [Vista](https://www.vistaprint.com)"
,https://shopify.com,Shopify,"E-commerce platform company with 10,997 employees, $10.7B annual revenue, founded in 2006 in Ottawa, Canada; provides end-to-end online and in-person selling solutions, including print-on-demand, digital and physical product sales, and integrated order fulfillment; supports connecting with third-party suppliers, customizing products, and managing shipping and inventory.",Yes,"Shopify provides a platform for print on demand services, allowing users to connect with suppliers, customize products, and sell them directly to customers. The search results indicate that Shopify integrates with various print-on-demand platforms like Printful, Printify, and Artelo, which offer artist onboarding and artwork upload functionalities. The Shopify Print on Demand page confirms that users can connect with suppliers, customize products, and start selling without needing to manage inventory, and orders are shipped directly to customers. Therefore, Shopify facilitates an end-to-end workflow for print-on-demand businesses.
References: [Print on Demand (POD) with 300+ Custom Products](https://www.shopify.com/in/print-on-demand), [Printful: Print on Demand - Sell custom print and ...](https://apps.shopify.com/printful), [Shopify Print on Demand App for Artists](https://www.artelo.io/shopify), [Shopify: The All-in-One Commerce Platform for Businesses - Shopify](https://shopify.com)",Yes,"Shopify’s platform is designed for merchants to sell a wide range of products, including physical goods, digital downloads, services, and memberships. The internal company profile notes that Shopify provides tools for businesses to sell products online or in person, which implies support for physical inventory. Additionally, Shopify’s help documentation explicitly states that merchants can add products as either digital or physical, and that no shipping charges apply for digital products, confirming that physical goods are also supported. Therefore, Shopify’s platform does not only sell digital files or digital downloads.
References: [Selling services or digital products](https://help.shopify.com/en/manual/products/digital-service-product/selling-services-or-digital-products), [Shopify: The All-in-One Commerce Platform for Businesses - Shopify](https://www.shopify.com)",Yes,"Shopify provides built‑in order fulfillment and shipping capabilities, allowing merchants to create shipping labels, manage inventory, and ship directly to customers. The internal company profile lists Shopify as an e‑commerce platform that handles checkout, sales, marketing, and management, which includes end‑customer delivery. Search results confirm Shopify’s shipping and fulfillment features. Therefore Shopify does not merely connect artists with third‑party print services; it handles end‑customer delivery.
References: [Shopify: The All-in-One Commerce Platform for Businesses - Shopify](https://www.shopify.com), [Overview of order fulfillment and shipping features on Shopify](https://help.shopify.com/en/manual/fulfillment/features-overview)",$10.7B,"The provided company profile for Shopify clearly states the revenue as USD 10.7B for the latest available year. This matches the requirement to provide a human-readable string in USD with abbreviation.
References: [Shopify](https://www.shopify.com)",2006,"The launch year of Shopify is explicitly mentioned in the company details section of the provided profile as 2006.
References: [Shopify](https://www.shopify.com)","Global, including North America, Europe, Asia, India, Canada","Shopify is described as a leading global commerce platform headquartered in Canada, with capabilities to sell locally and globally and ship products worldwide. The print on demand page is localized for India, indicating regional market adaptations. The homepage and company profile emphasize a broad international presence, supporting a global market coverage including key regions such as North America, Europe, Asia, and India.
References: [Shopify](https://www.shopify.com), [Print on Demand (POD) with 300+ Custom Products - Shopify India](https://www.shopify.com/in/print-on-demand)"
,https://prodigi.com,Prodigi Group,"Print-on-demand dropshipping platform providing end-to-end workflow management; operates a global network of printers with over 500,000 customizable products; handles end-customer delivery with tracking and notifications; founded 2014 in London, UK, with 40 employees and +3.2% YoY growth.",Yes,"Prodigi’s platform is an online print‑on‑demand dropshipping service that offers a full end‑to‑end workflow. The internal company profile states that Prodigi provides a global network of printers via a simple online platform or API, confirming the online nature of the service. The artist onboarding page (https://www.prodigi.com/start/artists) shows a free sign‑up process, upload of artwork, and a “pick, print, pack and ship” workflow, covering artwork upload, print production and direct shipping to customers. The service operates on an on‑demand model (dropshipping), which satisfies the subscription‑based or on‑demand requirement. Therefore, Prodigi meets the criterion.
References: [Global Print On Demand Platform & Print API | Prodigi](https://www.prodigi.com), [Sell Your Artwork As Print On Demand Merchandise](https://www.prodigi.com/start/artists)",Yes,"Prodigi’s platform is described as a print‑on‑demand dropshipping service that turns digital content into physical products, with a catalog of over 500,000 customizable items. The internal profile states it is “the world’s leading print on demand dropshipping platform,” and the search results confirm it offers physical print‑on‑demand services rather than just digital downloads.
References: [Global Print On Demand Platform & Print API | Prodigi](https://www.prodigi.com), [Print on demand products](https://www.prodigi.com/products)",Yes,"Prodigi’s FAQ Shipping page explains that orders are routed to a fulfilment centre nearest to the customer for printing, packing and shipping, and that all orders are shipped directly to end‑customers with tracking and email notifications. This shows the platform handles end‑customer delivery rather than merely connecting artists to third‑party printers.
References: [FAQ: Shipping - Prodigi](https://www.prodigi.com/faq/shipping), [Global Dropshipping On Demand - Prodigi](https://www.prodigi.com/dropshipping), [Global Print On Demand Platform & Print API | Prodigi](https://prodigi.com)",$22M,"The most relevant and credible source found is RocketReach, which states that Prodigi Group's annual revenue is $22 million in 2026. Other sources either mention different companies or less relevant data. Therefore, $22M is the best available revenue figure for Prodigi Group.
References: [Prodigi Group Information - RocketReach](https://rocketreach.co/prodigi-group-profile_b453fb92fc848e67), [Prodigi Group](https://prodigi.com)",2014,"The company's launch year is explicitly stated as 2014 in the company details section of the provided webpage content and LinkedIn profile summary.
References: [Prodigi Group](https://www.prodigi.com)",Global,"The homepage content and company description indicate that Prodigi Group operates a global print-on-demand platform with a worldwide dropshipping network. It partners with suppliers in over 10 countries and ships to anywhere in the world, confirming global market coverage.
References: [Prodigi Group](https://www.prodigi.com), https://www.prodigi.com/dropshipping/, https://www.prodigi.com/global-print-network/"
,https://finerworks.com,FinerWorks.com,"FinerWorks.com is a printing services company specializing in high-quality art and photo prints, offering physical products such as canvas, metal, and giclee prints. It provides end-to-end online print-on-demand services, including artist onboarding, artwork upload, print production, and direct shipping to customers via UPS, FedEx, and USPS. The company has 5 employees, $8.4M annual revenue, and 9.1% YoY growth.",Yes,"FinerWorks.com provides print-on-demand services, allowing artists to upload their artwork, produce prints, and have them shipped directly to customers. The company profile confirms they offer online print on demand services. Search results indicate that they offer artist onboarding and artwork upload, print production, and direct shipping. They also offer dropshipping services.
References: [FinerWorks.com](https://finerworks.com), [Drop Ship Your Fine Art & Photo Prints Framed or Unframed](https://finerworks.com/dropship.aspx), [How it Works - Printing Online](https://finerworks.com/how-it-works.aspx)",Yes,"FinerWorks.com is described as a printing services company that offers physical products such as canvas prints, metal prints, posters, greeting cards, etc. The internal profile explicitly lists these physical print products, indicating the platform sells tangible goods and not just digital downloads.
References: [FinerWorks.com](https://www.finerworks.com)",Yes,"FinerWorks.com is a printing services company that prints and ships products directly to customers. The shipping page shows they use UPS, FedEx, and USPS and offer drop‑shipping so that orders can be sent straight to the end‑customer. This demonstrates that the platform handles end‑customer delivery rather than merely connecting artists to third‑party print services.
References: [Shipping Rates](https://finerworks.com/shipping.aspx), [Drop Ship Your Fine Art & Photo Prints Framed or Unframed](https://finerworks.com/dropship.aspx), [FinerWorks.com](https://www.finerworks.com)",$8.4M,"The company profile information explicitly states the revenue as USD 8.4M for the latest available year. This matches the requested format of a human-readable string in USD with abbreviation.
References: [FinerWorks.com](https://www.finerworks.com)",1999,"The company profile explicitly states that FinerWorks.com was founded in 1999, which corresponds to the launch year of the company.
References: [FinerWorks.com](https://www.finerworks.com)","United States, Canada, United Kingdom, Australia, Western Europe, Asia","The information from FinerWorks' support page explains that they use UPS i-Parcel for international shipments, which facilitates reliable shipping and customs handling. They explicitly mention serving major English-speaking countries (Canada, UK, Australia), Western Europe, and some Asian countries in addition to the United States. This indicates a broad international market coverage.
References: [Why Aren't You Accepting International Orders for Your Art?](https://support.finerworks.com/selling-your-art/why-arent-you-accepting-international-orders-for-your-art), [FinerWorks.com](https://finerworks.com)"
,https://cloudprinter.com,Cloudprinter.com,"Cloudprinter.com is a global print-on-demand platform specializing in end-to-end print services, including artist onboarding, artwork upload, print production, and direct shipping to customers. With 381 print locations in 104 countries, it offers a wide range of physical print products and manages delivery with tracking options; founded in 2015, it has 34 employees, $6.5M annual revenue, and over $10.6M in funding.",Yes,"Cloudprinter.com is a global print-on-demand platform. The company profile mentions that they offer print on demand services with 381 print locations in 104 countries. The search results indicate that Cloudprinter.com facilitates artwork upload and direct shipping. The search results also suggest that Cloudprinter.com provides artist onboarding. Therefore, Cloudprinter.com provides end-to-end workflow: artist onboarding, artwork upload, print production, and direct shipping to customer.
References: [Global Print-on-Demand Platform - Cloudprinter.com](https://www.cloudprinter.com), [Cloudprinter – Print API for global Print-On-Demand.](https://get-in-touch.cloudprinter.com), [Become a Cloudprinter.com print partner](https://www.cloudprinter.com/printers_network)",Yes,"Cloudprinter.com is described as a leading global print platform that offers print‑on‑demand services, with 381 print locations in 104 countries and a wide range of print products. This indicates the platform sells physical printed goods, not just digital files or downloads. Therefore it does not only sell digital files or digital downloads.
References: [Global Print-on-Demand Platform - Cloudprinter.com](https://www.cloudprinter.com)",Yes,"Cloudprinter’s platform includes shipping and delivery services for end customers. The company’s help center page explains that orders can be shipped via several options (regular post to next‑day express) and that customers can track shipping status, indicating that the platform handles end‑customer delivery. Additionally, a 2026 article reports that Cloudprinter is building its own fulfillment centers in the US and Europe to bring production closer to end customers and reduce shipping times, further confirming that the platform manages delivery rather than merely connecting artists to third‑party printers.
References: [Shipping and Production Times - Help Center](https://knowledge.cloudprinter.com/the-shipping-and-production-time), [Cloudprinter Opens Its Own Fulfillment Centers in the USA ...](https://www.beyond-print.net/cloudprinter-opens-its-own-fulfillment-centers-in-the-usa-and-europe), [Shipping production time - Cloudprinter.com](https://www.cloudprinter.com/global-print-and-ship-for-print-on-demand-products-by-api), [Global Print-on-Demand Platform - Cloudprinter.com](https://cloudprinter.com)",$6.5M,"The company profile for Cloudprinter.com clearly states that the latest available annual revenue is USD 6.5M. This matches the requested format for a human-readable string in USD with abbreviation.
References: [Cloudprinter.com](https://www.cloudprinter.com)",2015,"The company's launch year is explicitly mentioned as 2015 in the provided company details section of the Cloudprinter.com profile.
References: [Cloudprinter.com](https://www.cloudprinter.com)","Netherlands, Denmark, Ukraine, United States, Europe, Global (104 countries)","Cloudprinter.com operates globally with print locations in 104 countries. The company has headquarters in the Netherlands and offices in Denmark and Ukraine. They have fulfillment centers in the United States and Europe, indicating significant market coverage in these regions as well as worldwide.
References: [Cloudprinter.com](https://www.cloudprinter.com), https://www.beyond-print.net/cloudprinter-opens-its-own-fulfillment-centers-in-the-usa-and-europe"
,https://inprnt.com,INPRNT,"Printing services company specializing in end-to-end production and direct shipping of physical art prints; handles all aspects of printing, packaging, and customer service in-house, offering products like art prints, framed prints, and art cards. Founded in 2006, based in Orlando, FL, with 16 employees, $1.2M annual revenue, and a strong online presence with 685,269 monthly visits.",Yes,"INPRNT provides a platform for artists to upload artwork, which is then printed and shipped directly to customers. The company profile confirms that they handle all aspects of production in-house, including printing, packaging, shipping, and customer service. The search results indicate that artists can open a shop and upload artwork. The platform operates on an on-demand basis, where prints are produced when ordered. There is no evidence of a subscription-based service.
References: [Our Curated Picks](https://www.inprnt.com), [Opening an INPRNT Shop - Artist Blog](https://blog.inprnt.com/2024/09/25/opening-an-inprnt-shop), [Open a Print Shop](https://www.inprnt.com/application)",Yes,"INPRNT’s profile states it is a printing services company that handles printing, packaging, shipping, and customer service for artists’ works, indicating that it sells physical prints and related products. This means the platform offers more than just digital files or downloads, satisfying the criterion that the platform does not only sell digital files.
References: [Our Curated Picks](https://www.inprnt.com)",Yes,"The company’s internal profile states that INPRNT “handles all aspects of production in‑house” and “takes care of the printing, packaging, shipping, and customer service” for artists, indicating it manages end‑customer delivery rather than merely connecting artists to third‑party print services.
References: [Our Curated Picks](https://www.inprnt.com)",$1.2M,"The company profile states that INPRNT has a revenue of USD 1.2M for the latest available year. This matches the instruction to provide the annual revenue as a human-readable string in USD with abbreviations.
References: [INPRNT](https://www.inprnt.com)",2006,"The company's launch year is explicitly stated as 2006 in the provided company details from the internal profile and webpage content.
References: [INPRNT](https://www.inprnt.com)","Worldwide, including United States","The INPRNT help page on shipping options states that they safely ship art all over the world, with specific shipping options for the United States. This indicates their market coverage includes the United States and international destinations worldwide.
References: [What are my shipping options?](https://help.inprnt.com/article/70-what-are-my-shipping-options), [INPRNT](https://inprnt.com)"
,https://theprintspace.com,theprintspace Inc,"Printing Services company specializing in high-quality art and photo printing; provides end-to-end workflow including artist onboarding, artwork upload, print production, and direct customer shipping; offers on-demand fine art printing, online store integration, and global dropshipping; ships physical prints from US, UK, and Germany fulfillment centers.",Yes,"The company profile states that theprintspace provides high-quality art and photo printing services with online ordering. The search results indicate that theprintspace offers fine art printing on-demand and integrates with websites to fulfill customer orders with global dropshipping. They also provide services to launch an online art store. This suggests an end-to-end workflow including artist onboarding, artwork upload, print production, and direct shipping to customer.
References: [Pro Quality Art & Photo Prints | Easy Online Ordering | theprintspace](https://www.theprintspace.com), [Fine Art Prints On Demand. Connect your website](https://www.theprintspace.com/art-printing-on-demand), [Get your online art store launched within 3 days! - theprintspace](https://www.theprintspace.co.uk/how-to-launch-an-online-art-store-in-3-days)",Yes,"Theprintspace Inc is described as a printing services company that provides high‑quality art and photo printing services, with online ordering and fast shipping. This indicates that the platform sells physical prints, not only digital files or downloads. The internal company profile confirms the focus on printing and physical products, satisfying the criterion that the platform does not only sell digital files.
References: [Pro Quality Art & Photo Prints | Easy Online Ordering | theprintspace](https://www.theprintspace.com)",Yes,"Theprintspace’s own description and website content confirm that it is an end‑to‑end printing service that ships finished prints directly to customers. The internal profile states it offers online ordering, fast shipping, and customer service. The dedicated “Online Art Print Delivery Service” page details dispatch times, courier and postal shipping options, and states that orders are shipped from fulfillment centers in the US, UK, and Germany directly to the customer. This shows the platform handles end‑customer delivery rather than merely connecting artists to third‑party printers.
References: [Pro Quality Art & Photo Prints | Easy Online Ordering | theprintspace](https://www.theprintspace.com), [Online Art Print Delivery Service | Fast Shipping](https://www.theprintspace.com/online-art-print-delivery-service)",Under $5M,"The search results from ZoomInfo indicate that theprintspace's revenue is less than $5 million. No other sources provided a more precise or different figure. Therefore, the best available estimate for the company's annual revenue is 'Under $5M'.
References: [Theprintspace - Overview, News & Similar companies](https://www.zoominfo.com/c/theprintspace/474771705), [theprintspace Inc](https://theprintspace.com)",2007,"The company profile clearly states that theprintspace Inc was founded in 2007. This is consistent with the information from the provided webpage content and company details.
References: [theprintspace Inc](https://www.theprintspace.com)","United States, United Kingdom, Germany, Global","Theprintspace ships orders from fulfillment centers in the United States, United Kingdom, and Germany, and offers fast global dropshipping, indicating market coverage in these countries and globally.
References: [theprintspace Inc](https://www.theprintspace.com), https://www.theprintspace.com/online-art-print-delivery-service"
,https://printpost.co.uk,Print Post UK,"Print Post UK is a retail art supplies company providing end-to-end print fulfillment services; 3 employees, +100% YoY growth, founded 2008, headquartered in Harlow, UK. The platform supports artist onboarding, artwork upload, print production, and direct shipping, selling physical art prints via a global network of fulfillment centers.",Yes,"Print Post UK provides a cloud-based print fulfillment service. The company's website indicates that it offers services such as artist onboarding, artwork upload, print production, and direct shipping to customers. The 'For Artist' page details how artists can upload their work, set prices, and specify sales territories. Print Post also handles printing and fulfillment, offering e-commerce integration and worldwide shipping. Therefore, Print Post UK satisfies the criterion.
References: [For Artist](https://www.printpost.co.uk/artist), [Document](https://printpost.co.uk)",Yes,"Print Post UK’s internal profile states that it provides a platform for artists to sell prints of artwork and offers a global network of fulfillment centers to sell art prints online, indicating physical print sales. The site’s ""Photo Prints"" page (https://www.printpost.co.uk/photo-prints) explicitly lists physical print options such as high gloss, satin, and lustre photo paper finishes. These sources confirm that the platform sells physical goods, not just digital downloads, satisfying the criterion that the platform does not only sell digital files or digital downloads.
References: [Document](https://www.printpost.co.uk), [Photo Prints](https://www.printpost.co.uk/photo-prints)",Yes,"Print Post UK’s About Us page states that its approved fulfilment centres “automatically generate shipping labels” and that fulfilment is “direct to the consumer who placed the order.” This indicates the platform not only connects artists with print facilities but also handles end‑customer delivery, meeting the criterion.
References: [About Us](https://www.printpost.co.uk/about-us), [Document](https://printpost.co.uk)",Unknown,"The internal company profile for Print Post UK does not provide specific information about the company's annual revenue. Given the lack of available financial data, the revenue is marked as 'Unknown'.
References: [Print Post UK](https://printpost.co.uk)",2008,"The company's launch year is explicitly stated as 2008 in the provided company details section of the profile.
References: [Print Post UK](https://www.printpost.co.uk)","United Kingdom, Worldwide","Print Post UK is headquartered in the United Kingdom and the research indicates that the company offers worldwide shipping through a global network of fulfillment centers. The company's platform supports artists selling prints globally, confirming coverage in the United Kingdom and international markets worldwide.
References: https://www.printpost.co.uk/about-us, https://www.printpost.co.uk/artist, [Print Post UK](https://printpost.co.uk)"
,https://doboxa.com,Doboxa.com,"Printing services platform specializing in print-on-demand and dropshipping; manages artist onboarding, artwork upload, print production, and direct shipping to customers. Supports physical product fulfillment with end-to-end workflow, not limited to digital downloads or third-party connections.",Yes,"Doboxa's company profile states it is a platform specializing in print-on-demand services and dropshipping. The search results indicate that Doboxa works with artists and produces prints. The Amazon search result mentions marketplaces.doboxa.biz/upload, suggesting artwork upload functionality. Based on this information, Doboxa appears to provide an end-to-end workflow including artist onboarding, artwork upload, print production, and direct shipping. However, I am unable to confirm whether it is subscription-based or on-demand.
References: [Build  the business of your dreams  with Doboxa](https://doboxa.com), [Muralo - Canvas Print Ready to Hang Abstract Pattern Picture for ...](https://www.amazon.com.be/-/en/Muralo-MF-10000700-C120-80/dp/B0F8VDRSVF)",Yes,"Doboxa’s internal profile describes it as a printing‑services platform that prints and ships products on demand, using a dropshipping model. This indicates it handles physical goods, not only digital files or downloads. Therefore the platform does not only sell digital products and satisfies the criterion.
References: [Build  the business of your dreams  with Doboxa](https://www.doboxa.com)",Yes,"Doboxa’s internal profile states that it ""handles production, printing, and order shipping on behalf of its customers,"" indicating that the platform manages end‑customer delivery rather than merely connecting artists to third‑party print services. Search results also describe Doboxa as a dropshipping platform that ships products directly to the end customer, confirming that shipping is part of its service offering.
References: [Doboxa](https://doboxa.com/en), [Build  the business of your dreams  with Doboxa](https://doboxa.com)",Unknown,"The internal company profile and web search results did not provide any specific or reliable information about Doboxa.com's annual revenue. Therefore, the revenue is best classified as Unknown.
References: [Doboxa.com](https://www.doboxa.com), [Company DOBOXA SPÓŁKA Z OGRANICZONĄ ...](https://aleo.com/int/company/doboxa-sp-z-oo-poznan)",2023,"The search results from the Shopify app page and related sources indicate that Doboxa was launched on November 24, 2023. This is the most specific and reliable date found for the company's launch year.
References: [Doboxa Dropshipping Print App - Print-on-demand and ... - Shopify apps](https://apps.shopify.com/doboxa-dropshipping-print-app), [Shopify Doboxa Dropshipping Tulostussovellus Sovelluksen ...](https://www.hulkapps.com/fi/products/shopify-doboxa-dropshipping-tulostussovellus-sovellusjrjestelm), [Doboxa.com](https://doboxa.com)","Poland, Europe, Global","The homepage content explicitly mentions delivery in Poland and both domestic and international orders. It also highlights connections with customers worldwide and sales on popular global e-commerce platforms, indicating market coverage in Poland, Europe, and globally.
References: https://www.doboxa.com/en, [Doboxa.com](https://doboxa.com)"
,https://printleteg.com,PRINTLET,"PRINTLET is a private printing services company based in Cairo, Egypt, specializing in print-on-demand and drop shipping for custom apparel, accessories, and home products. Founded in 2022, it has 5 employees and experienced 100% YoY growth. The platform offers an end-to-end workflow, including artist onboarding, artwork upload, print production, and direct shipping to customers, handling all fulfillment logistics.",Yes,"The company profile states that Printlet is a print-on-demand and drop shipping platform. The search results confirm that Printlet offers print-on-demand services. The search result from platform.printleteg.com states that Print-on-demand lets you sell custom products without buying inventory upfront and that they handle printing, packing, and delivery. Therefore, Printlet provides an end-to-end workflow including print production and direct shipping to the customer. I am unsure if they provide artist onboarding and artwork upload, but since they offer print on demand services, it is likely they have these features as well.
References: [Print On Demand](https://platform.printleteg.com/print-on-demand), [Start Your Own E-commerce Brand Today](https://printleteg.com)",Yes,"The internal company profile for PRINTLET states that it offers custom and sells products in categories such as adults & kids clothing, mobile & laptop accessories, home & office items, and provides print‑on‑demand and drop‑shipping services. These are physical goods, not just digital files or downloads. Therefore the platform does not only sell digital files or digital downloads, satisfying the criterion.
References: [Start Your Own E-commerce Brand Today](https://www.printleteg.com)",Yes,"Printlet’s own website and LinkedIn profile describe it as a print‑on‑demand and dropshipping platform that handles printing, packaging, and shipping directly to end‑customers. The search result titled “Printlet: Print on demand & dropshipping in Egypt” explicitly states that “Whenever you got an order we handle printing, packaging, shipping and cash collection,” confirming that the platform does more than merely connect artists to third‑party printers – it manages the entire fulfillment and delivery process for the customer.
References: [Start Your Own E-commerce Brand Today](https://printleteg.com), [We're an all-in-one platform for your brand](https://printleteg.com/about)",Unknown,"The internal company profile and available information do not provide any specific data on PRINTLET's annual revenue. Given the company's recent founding in 2022 and small employee size, no public revenue figures are available.
References: [PRINTLET](https://www.printleteg.com)",2022,"The company profile information explicitly states that PRINTLET was founded in 2022. This is consistent across the provided data including the LinkedIn profile and company details.
References: [PRINTLET](https://www.printleteg.com), https://www.linkedin.com/company/printletofficial",Egypt,"PRINTLET is headquartered in Cairo, Egypt, and all available information indicates that their print-on-demand and dropshipping services, including printing, packaging, shipping, and cash collection, are focused on Egypt. There is no evidence of service coverage outside Egypt in the provided data or search results.
References: [PRINTLET](https://printleteg.com), https://www.linkedin.com/company/printletofficial"
,https://printful.com,Printful,"Printful is a private printing services company specializing in on-demand printing and dropshipping of physical products such as custom apparel, accessories, and home & living items; with 428 employees, $219.5M annual revenue, and $130M in funding, it provides an end-to-end workflow including artist onboarding, artwork upload, print production, and direct shipping to customers, enabling brands to scale without inventory risks.",Yes,"Printful is a print-on-demand and dropshipping company. The company profile states that they fulfill and ship custom clothing, accessories, and home & living products. The search results and crawled page confirm that Printful allows artists to monetize their work through high-quality products, upload artwork, and offers direct shipping to customers. Therefore, Printful provides an end-to-end workflow for artists.
References: [Printful](https://www.printful.com), [Print-on-Demand for Artists: 11 Best Sites to Try in 2026](https://www.printful.com/blog/print-on-demand-for-artists)",Yes,"Printful’s business model is on‑demand printing and dropshipping of physical products such as custom apparel, accessories, and home‑living items. The company’s profile states it “fulfills and ships custom clothing, accessories, and home & living” and offers a printing services platform, indicating it sells tangible goods rather than only digital files or downloads.
References: [Printful](https://www.printful.com)",Yes,"Printful is a print‑on‑demand and dropshipping service that handles fulfillment and shipping directly to the end customer. The internal profile states it is an ""on‑demand printing and fulfillment company"" that helps brands scale without inventory, implying shipping is handled. The company’s shipping page and help center confirm that Printful manages shipping and customer delivery for merchants’ orders, rather than merely connecting artists to a third‑party printer.
References: [Printful](https://www.printful.com), [Shipping Speeds & Pricing - Printful](https://www.printful.com/shipping), [End customer for merchants - Printful Help Center](https://help.printful.com/hc/en-us/sections/15046071291548-End-customer-for-merchants)",$219.5M,"The company profile provided states that Printful's latest available annual revenue is USD 219.5M. This matches the format requested for the revenue as a human-readable string in USD with abbreviation.
References: [Printful](https://www.printful.com)",2013,"The company's launch year is explicitly stated as 2013 in the company details section of the provided profile.
References: [Printful](https://www.printful.com)","United States, Europe, United Kingdom, EFTA states (Iceland, Liechtenstein, Norway, Switzerland), Canada, Australia, New Zealand, Japan, Brazil, Worldwide (excluding Crimea, Luhansk, Donetsk regions in Ukraine, Russia, Belarus, Ecuador, Cuba, Iran, North Korea, Syria, Gaza Strip region in Palestine)","The Printful shipping regions article from their help center lists 9 shipping regions covering a broad geographic market. These include the United States, Europe (with detailed countries), the United Kingdom, EFTA states, Canada, Australia and New Zealand, Japan, Brazil, and a worldwide category excluding a few restricted regions and countries. This indicates Printful's market coverage spans these countries and regions.
References: [Which countries apply to which Printful shipping regions?](https://help.printful.com/hc/en-us/articles/360014010840-Which-countries-apply-to-which-Printful-shipping-regions), [Printful](https://printful.com)"
,https://fineartamerica.com,Fine Art America / Pixels.com,"Fine Art America / Pixels.com is a private artist and art marketplace platform with 72 employees, $50M annual revenue, based in Santa Monica, CA. It provides an end-to-end workflow for artists, including onboarding, artwork upload, print-on-demand production, and direct worldwide shipping of physical products like wall art and home decor, distinguishing it as a comprehensive print marketplace.",Yes,"Fine Art America’s ""Sell Art Online"" page shows the full end‑to‑end workflow: artists can open an account (onboarding), upload images, choose products and set prices (upload & product creation), the company prints the items on demand, and then ships the finished products directly to buyers. The page explicitly states that prints are hand‑crafted at fulfillment centers and shipped directly to customers, confirming the shipping step. The platform operates on a print‑on‑demand model, meeting the subscription‑based or on‑demand requirement.
References: [Sell Art Online in 2026 - Join the World's Largest Art Site](https://fineartamerica.com/sell-art-online), [Fine Art America | Curated Wall Art from Independent Artists and Iconic Brands](https://fineartamerica.com)",Yes,"Fine Art America’s internal profile states that the platform offers a wide range of physical products such as wall art, home decor, iPhone cases, and operates as a print‑on‑demand art marketplace. This indicates it sells more than just digital files or downloads, satisfying the criterion that the platform does not only sell digital files.
References: [Fine Art America | Curated Wall Art from Independent Artists and Iconic Brands](https://www.fineartamerica.com)",Yes,"Fine Art America operates a print‑on‑demand fulfillment network that ships finished products directly to customers worldwide. The ""Ship Worldwide"" page states that orders are routed to the nearest manufacturing center and shipped to any destination, indicating the platform handles end‑customer delivery rather than merely connecting artists with third‑party printers.
References: [Fine Art America Feature: Ship Worldwide](https://fineartamerica.com/tour/ship-worldwide), [Fine Art America Manufacturing Fulfillment Network](https://fineartamerica.com/tour/fulfillment), [Fine Art America | Curated Wall Art from Independent Artists and Iconic Brands](https://fineartamerica.com)",$50M,"The company's internal profile states the revenue as USD 50.0M for the latest available year. This matches the requested format for annual revenue as a human-readable string in USD with abbreviation.
References: [Fine Art America / Pixels.com](https://www.fineartamerica.com)",2006,"The company's launch year is explicitly mentioned in the provided webpage content multiple times, stating Fine Art America was launched in 2006.
References: [Fine Art America / Pixels.com](https://fineartamerica.com)","United States, Canada, Europe, and 5 other countries","Fine Art America operates a print-on-demand fulfillment network with 16 manufacturing centers located in 5 different countries. The platform ships worldwide and routes orders to the nearest manufacturing center to minimize delivery times and costs. The information explicitly mentions operations in the United States and multiple countries globally, including Canada and Europe as key markets. This indicates broad geographic market coverage beyond just the US.
References: https://fineartamerica.com/global-print-on-demand-manufacturing-network.html, https://fineartamerica.com/tour/ship-worldwide, https://fineartamerica.com/sell-art-online, [Fine Art America / Pixels.com](https://fineartamerica.com)"
,https://curioos.com,Curioos,"Design services company specializing in signed art prints, framed art, canvas, and metal prints in limited editions; operates an end-to-end online marketplace supporting artist onboarding, artwork upload, print production, and direct shipping to customers; has thousands of independent artists from 90 countries, and has been printing digital art since 2010. The platform handles physical product creation and delivery, not just digital downloads.",Yes,"Curioos operates an online marketplace where artists can submit their work, which is then printed and shipped directly to customers. The TechCrunch article from 2016 confirms that Curioos automates the listing process, allowing artists to upload their files and sell art prints. The company profile also states that Curioos specializes in creating signed art prints and has thousands of independent artists from 90 countries. This indicates that Curioos provides artist onboarding, artwork upload, print production, and direct shipping to customers.
References: [Curioos Opens Up Marketplace For Its Digital Art Platform](https://techcrunch.com/2016/02/04/curioos-opens-up-marketplace-for-its-digital-art-platform), [GIANT ART | Oversized Wall Art Made Affordable](https://www.curioos.com)",Yes,"Curioos’s internal profile states it specializes in creating signed art prints, framed art, canvas, and metal prints in limited editions, indicating the sale of physical products rather than only digital downloads. The profile also notes that it has been printing digital art since 2010 and offers gallery‑quality prints from thousands of independent artists, confirming a physical print offering. This satisfies the criterion that the platform does not only sell digital files or digital downloads.
References: [GIANT ART | Oversized Wall Art Made Affordable](https://www.curioos.com)",Yes,"The company profile states that Curioos specializes in creating art prints. The search results indicate that Curioos handles shipping. The search results also show that Curioos has a shipping policy. Therefore, Curioos does not merely connect artists with third-party print services without handling end-customer delivery.
References: [GIANT ART | Oversized Wall Art Made Affordable](https://www.curioos.com)",$4.0M,"The company profile information explicitly states that Curioos has a revenue of USD 4.0M for the latest available year. This matches the requirement to provide the annual revenue as a human-readable string in USD with abbreviation.
References: [Curioos](https://www.curioos.com)",2010,"The company's launch year is explicitly stated in the provided company profile and webpage content as 2010.
References: [Curioos](https://www.curioos.com)","United States, Canada, Worldwide","The company's homepage and profile indicate it is headquartered in the United States and offers free shipping in Canada and the US, with worldwide shipping available. This implies market coverage includes the United States, Canada, and global markets.
References: [Curioos](https://www.curioos.com)"
,https://printribe.com,PrinTribe,"PrinTribe is a fine art print-on-demand platform based in Gold Coast, Australia, founded in 2021 with 2 employees. It provides an end-to-end workflow for artists to upload artwork, choose printing and framing options, and have ready-to-hang pieces dropshipped directly to customers; the platform manages physical printing, framing, and delivery, not just digital files or third-party connections.",Yes,"The FAQ page explains that artists can sign up for a free account (artist onboarding), upload artwork or photography, select printing and framing options, and choose a delivery method – the platform then prints, frames and ships the finished product directly to the customer. The internal company profile describes PrinTribe as a fine‑art print‑on‑demand portal that dropships ready‑to‑hang artwork to customers, confirming the end‑to‑end workflow. The service is on‑demand (no subscription requirement), meeting the criterion of an online platform providing artist onboarding, artwork upload, print production, and direct shipping to the customer.
References: [Print on Demand Australia | Home](https://www.printribe.com), [FAQs](https://www.printribe.com/faq)",Yes,"PrinTribe’s profile states it is a fine‑art print‑on‑demand portal that provides physical printing, framing and dropshipping of ready‑to‑hang artwork. This indicates the platform sells physical goods, not just digital files or downloads.
References: [Print on Demand Australia | Home](https://www.printribe.com)",Yes,"PrinTribe’s profile states that it provides end‑to‑end services: ""Your ready‑to‑hang artwork dropshipped direct to your customers"" and ""Leave the printing, framing and delivery to us."" This shows the platform handles delivery rather than merely connecting artists to third‑party printers. Therefore the company meets the criterion.
References: [Print on Demand Australia | Home](https://www.printribe.com)",Unknown,"The search did not return any specific information about the annual revenue of PrinTribe. The company is small (2 employees) and relatively new (founded 2021), and no public revenue data is available. Therefore, the best answer is 'Unknown' as no verified revenue figures in USD could be found.
References: [PrinTribe](https://printribe.com)",2021,"The company's launch year is explicitly stated as 2021 in the provided company details from the internal profile and webpage content.
References: [PrinTribe](https://www.printribe.com)",Australia,"The company's profile and homepage content emphasize that PrinTribe is an Australian-based fine art print-on-demand portal serving artists and customers within Australia. There is no indication of service coverage beyond Australia, so the market coverage is Australia only.
References: [PrinTribe](https://www.printribe.com), https://www.printribe.com/faq"
